{
    "x": [
        -1.2999999523162842,
        3.0,
        4.300000190734863,
        -1.2000000476837159
    ],
    "y": [
        -2.0,
        -3.9000000953674318,
        -5.300000190734863,
        -5.099999904632568
    ]
}