{
    "x": [
        -3.5,
        1.5,
        2.5,
        -3.5
    ],
    "y": [
        -2.0,
        -3.0,
        -5.199999809265137,
        -5.199999809265137
    ]
}