{
    "x": [
        6.900000095367432,
        6.199999809265137,
        5.599999904632568,
        7.300000190734863,
        6.599999904632568,
        6.099999904632568,
        7.699999809265137,
        7.0,
        6.5,
        8.0,
        7.5,
        6.900000095367432
    ],
    "y": [
        1.100000023841858,
        0.699999988079071,
        0.4000000059604645,
        0.800000011920929,
        0.5,
        0.10000000149011612,
        0.6000000238418579,
        0.20000000298023225,
        -0.10000000149011612,
        0.30000001192092898,
        0.0,
        -0.30000001192092898
    ]
}