{
    "x": [
        5.900000095367432,
        4.099999904632568,
        2.0999999046325685,
        1.0,
        -0.20000000298023225,
        -1.600000023841858,
        -2.5,
        -3.0,
        -1.899999976158142,
        0.800000011920929,
        4.900000095367432,
        6.800000190734863,
        8.399999618530274,
        9.800000190734864,
        10.100000381469727,
        9.100000381469727,
        7.400000095367432
    ],
    "y": [
        1.0,
        2.0,
        2.9000000953674318,
        3.0999999046325685,
        3.200000047683716,
        2.9000000953674318,
        2.299999952316284,
        1.2999999523162842,
        0.20000000298023225,
        -1.2000000476837159,
        -3.4000000953674318,
        -3.799999952316284,
        -3.5999999046325685,
        -2.9000000953674318,
        -1.7999999523162842,
        -0.699999988079071,
        0.20000000298023225
    ]
}